ip,anonymityLevel,asn,country,isp,latency,org,port,protocols,responseTime,speed,updated_at
"188.165.254.122","elite","AS16276","FR","OVH SAS","4","OVH ISP","12328","socks4","N/A","2228","2022-05-31T01:20:52.382Z"
"190.228.134.14","elite","AS7303","AR","Telecom Argentina S.A.","243","NE. SAR. SRL","4153","socks4","N/A","5002","2022-05-31T01:20:45.049Z"
"103.38.80.140","anonymous","AS40065","HK","Clouddata Networks Inc.","N/A","HK JIUJIUIDC TECHNOLOGY LIMITED","3128","http","N/A","5001","2022-05-31T01:20:38.408Z"
"186.87.179.54","elite","AS10620","CO","Telmex Colombia S.A.","N/A","Telmex Colombia S.A.","5678","socks4","N/A","5001","2022-05-31T01:20:24.952Z"
"218.244.147.59","anonymous","AS37963","CN","CNC Group CNCNET Beijing IDC","348","N/A","3128","http","N/A","5001","2022-05-31T01:20:18.557Z"
"187.177.30.154","elite","AS6503","MX","Axtel, S.A.B. de C.V.","143","Axtel - Recursos WiMAX","4145","socks4","N/A","5001","2022-05-31T01:20:07.598Z"
"103.4.167.197","anonymous","AS58369","ID","FIBERNET","165","N/A","80","http","N/A","5002","2022-05-31T01:19:58.576Z"
"187.157.30.202","elite","AS8151","MX","Uninet S.A. de C.V.","162","Uninet S.A. de C.V.","4153","socks4","N/A","1001","2022-05-31T01:19:57.672Z"
"103.213.116.10","anonymous","AS38750","ID","Telemedia Dinamika Sarana","245","TDS Infra Jambi","8080","http","N/A","3281","2022-05-31T01:19:51.062Z"
"178.151.205.154","elite","AS13188","UA","Triolan","52","N/A","38421","socks4","N/A","381","2022-05-31T01:19:51.396Z"
"91.227.183.110","anonymous","AS56835","UA","SPD Polyudov Aleksandr Igorevich","41","UTELS","8080","http","N/A","5002","2022-05-31T01:19:45.074Z"
"178.189.11.134","elite","AS8447","AT","A1 Telekom Austria AG","76","Lentiahauswa HWY","61039","socks4","N/A","4077","2022-05-31T01:19:42.192Z"
"190.24.113.138","anonymous","AS19429","CO","ETB - Colombia","N/A","ETB - Colombia","999","http","N/A","5002","2022-05-31T01:19:34.882Z"
"154.73.85.37","elite","AS327776","BW","STATURE (PTY) LTD","188","Ncbw","57932","socks4","N/A","5001","2022-05-31T01:19:30.493Z"
"170.210.4.222","elite","AS4270","AR","Red de Interconexion Universitaria","213","Red de Interconexion Universitaria","38432","socks4","N/A","926","2022-05-31T01:19:22.935Z"
"98.178.72.21","elite","AS22773","US","Cox Communications Inc.","N/A","Cox Communications","10919","socks5","N/A","5001","2022-05-31T01:19:21.185Z"
"163.53.204.182","elite","AS58898","IN","Rainbow communications India Pvt Ltd","172","Rainbow communications India Pvt Ltd","56447","socks4","N/A","715","2022-05-31T01:19:19.422Z"
"113.69.136.232","elite","AS4134","CN","Chinanet","359","Chinanet GD","1080","socks4","N/A","5001","2022-05-31T01:19:16.184Z"
"12.31.246.5","anonymous","AS7018","US","AT&T Services, Inc.","146","Servin - Lopez Vineyard Mgmt I","8080","http","N/A","646","2022-05-31T01:19:04.085Z"
"98.162.96.41","elite","AS22773","US","Cox Communications Inc.","N/A","Cox Communications","4145","socks5","N/A","5001","2022-05-31T01:19:04.464Z"
"116.237.130.82","elite","AS4812","CN","China Telecom (Group)","N/A","Chinanet SH","4145","socks4","N/A","5001","2022-05-31T01:19:03.253Z"
"103.29.185.189","anonymous","AS56260","ID","PT. Pascal Indonesia","160","N/A","8080","http","N/A","3229","2022-05-31T01:18:58.193Z"
"98.162.96.52","elite","AS22773","US","Cox Communications Inc.","N/A","Cox Communications","4145","socks5","N/A","5002","2022-05-31T01:18:48.639Z"
"161.22.33.181","anonymous","AS269832","VE","MDS TELECOM C.A","N/A","TOP COMUNICATIONS ESTEGIA C.A","999","http","N/A","5000","2022-05-31T01:18:44.505Z"
"98.162.25.29","elite","AS22773","US","Cox Communications Inc.","N/A","Cox Communications","31679","socks5","N/A","5001","2022-05-31T01:18:31.915Z"
"117.54.114.96","anonymous","AS9340","ID","PT IndoInternet","N/A","N/A","80","http","N/A","5001","2022-05-31T01:18:21.686Z"
"98.162.25.23","elite","AS22773","US","Cox Communications Inc.","N/A","Cox Communications","4145","socks5","N/A","5002","2022-05-31T01:18:15.164Z"
"46.36.70.40","elite","AS43627","LT","KLI","39","N/A","1080","socks4","N/A","178","2022-05-31T01:18:11.755Z"
"72.195.34.60","elite","AS22773","US","Cox Communications Inc.","165","Cox Communications","27391","socks4","N/A","5001","2022-05-31T01:18:08.476Z"
"217.21.214.139","anonymous","AS28775","RU","OOO TRANSTELECOM","50","Ttc Molchanovka","8080","http","N/A","437","2022-05-31T01:18:04.316Z"
"212.92.204.54","anonymous","AS35549","HR","A1 Hrvatska d.o.o","37","METRONET","8080","http","N/A","5000","2022-05-31T01:18:01.469Z"
"49.0.2.243","elite","AS55701","ID","PT Usaha Adi Sanggoro","162","N/A","5430","socks4","N/A","656","2022-05-31T01:17:59.097Z"
"82.165.109.7","elite","AS8560","DE","IONOS","N/A","N/A","10003","socks5","N/A","5001","2022-05-31T01:17:55.615Z"
"72.195.34.58","elite","AS22773","US","Cox Communications Inc.","162","Cox Communications","4145","socks4","N/A","5002","2022-05-31T01:17:55.930Z"
"103.29.185.54","anonymous","AS56260","ID","PT. Pascal Indonesia","211","N/A","8181","http","N/A","796","2022-05-31T01:17:54.068Z"
"49.156.152.28","elite","AS17483","IN","City Online","224","N/A","5678","socks4","N/A","403","2022-05-31T01:17:49.033Z"
"72.49.49.11","elite","AS6181","US","Fuse Internet Access","772","Fuse Internet Access - BRAS Norwood Region","31034","socks4","N/A","5002","2022-05-31T01:17:46.054Z"
"89.179.244.233","anonymous","AS8402","RU","CORBINA-BROADBAND","57","N/A","20000","http","N/A","250","2022-05-31T01:17:45.263Z"
"192.99.160.45","anonymous","AS16276","CA","OVH SAS","83","OVH Hosting, Inc.","8080","http","N/A","5002","2022-05-31T01:17:42.608Z"
"62.171.166.158","elite","AS51167","DE","Contabo GmbH","53","Contabo GmbH","33220","socks5","N/A","329","2022-05-31T01:17:37.546Z"
"45.10.71.70","elite","AS21859","US","Zenlayer Inc","N/A","Zenlayer Inc","8888","socks4","N/A","5001","2022-05-31T01:17:35.221Z"
"192.252.214.20","elite","AS46562","US","Performive LLC","N/A","Performive LLC","15864","socks5","N/A","5014","2022-05-31T01:17:34.808Z"
"94.181.48.110","anonymous","AS21353","RU","Enforta-MSK","91","N/A","1256","http","N/A","152","2022-05-31T01:17:32.604Z"
"181.224.50.137","anonymous","AS271496","BR","Bnet RIO Provedor De Acesso A Internet Eireli","N/A","Bnet RIO Provedor De Acesso A Internet Eireli","8080","http","N/A","5002","2022-05-31T01:17:30.007Z"
"192.252.208.67","elite","AS46562","US","Performive LLC","N/A","Performive LLC","14287","socks5","N/A","5001","2022-05-31T01:17:17.451Z"
"36.71.150.135","elite","AS7713","ID","PT. Telekomunikasi Indonesia","183","N/A","5678","socks4","N/A","5003","2022-05-31T01:17:16.328Z"
"94.28.8.61","anonymous","AS24588","RU","Enforta-EKB","78","N/A","8080","http","N/A","406","2022-05-31T01:17:12.656Z"
"31.24.205.66","elite","AS56466","IR","Bahar Samaneh Shargh","145","N/A","4145","socks4","N/A","2747","2022-05-31T01:17:10.395Z"
"41.79.34.26","elite","AS327760","BW","Electro Metic Enterprises PTY LTD","215","Electro Metic Enterprises PTY LTD","5678","socks4","N/A","465","2022-05-31T01:17:05.707Z"
"36.37.202.62","elite","AS38623","KH","VIETTEL (CAMBODIA) PTE","184","Viettel (cambodia) Pte., Ltd.","5678","socks4","N/A","5002","2022-05-31T01:17:02.674Z"
"72.221.164.34","elite","AS22773","US","Cox Communications Inc.","N/A","Cox Communications","60671","socks5","N/A","5001","2022-05-31T01:17:01.760Z"
"200.52.144.170","elite","AS27932","HN","Redes y Telecomunicaciones","136","Redes y Telecomunicaciones","33865","socks4","N/A","554","2022-05-31T01:16:52.383Z"
"38.7.16.81","anonymous","AS28398","MX","Internet Telefonia Y TV De Michoacan SA De CV","134","INTERNET TELEFONIA Y TV DE MICHOACAN SA de CV","999","http","N/A","570","2022-05-31T01:16:52.032Z"
"200.34.215.1","elite","AS263722","AR","Jose Cartellone Construcciones Civiles S.A.","238","Jose Cartellone Construcciones Civiles S.A","4153","socks4","N/A","5002","2022-05-31T01:16:49.305Z"
"43.242.135.182","anonymous","AS133524","MM","Global Technology Co","208","N/A","8080","http","N/A","5001","2022-05-31T01:16:48.971Z"
"98.162.25.7","elite","AS22773","US","Cox Communications Inc.","N/A","Cox Communications","31653","socks5","N/A","5002","2022-05-31T01:16:45.012Z"
"41.65.236.48","anonymous","AS36992","EG","Etisalat Misr","192","Nile Online","1976","http","N/A","761","2022-05-31T01:16:41.405Z"
"117.54.114.101","anonymous","AS9340","ID","PT IndoInternet","N/A","N/A","80","http","N/A","5001","2022-05-31T01:16:38.015Z"
"200.2.196.42","elite","AS4995","CL","Netup S.A.","232","Netup S.A","5678","socks4","N/A","5968","2022-05-31T01:16:36.214Z"
"192.252.215.5","elite","AS46562","US","Performive LLC","N/A","Performive LLC","16137","socks5","N/A","5001","2022-05-31T01:16:28.184Z"
"200.85.52.170","elite","AS23201","PY","Telecel S.A.","232","Telecel S.A","5678","socks4","N/A","5001","2022-05-31T01:16:24.953Z"
"187.94.211.60","elite","AS53078","BR","Acesse Comunica??o Ltda","206","Acesse Comunicação Ltda","2580","socks4","N/A","5001","2022-05-31T01:16:17.868Z"
"103.15.60.21","anonymous","AS59164","IN","Apollo Online Services Pvt ltd","280","Apollo Online Services Pvt ltd","8080","http","N/A","5001","2022-05-31T01:16:15.081Z"
"35.244.6.175","elite","AS396982","IN","Google LLC","132","Google Cloud (asia-south1)","1080","socks5","N/A","464","2022-05-31T01:16:12.412Z"
"51.83.140.70","elite","AS16276","PL","OVH SAS","30","OVH Sp. z o. o","8181","socks5","N/A","175","2022-05-31T01:16:07.052Z"
"5.189.229.42","elite","AS49505","RU","OOO \"Network of data-centers \"Selectel\"","38","N/A","1080","socks5","N/A","400","2022-05-31T01:16:04.483Z"
"189.113.73.33","elite","AS28210","BR","Sumicity Telecomunicacoes S.A.","203","Sumicity Telecomunicacoes S.A","5678","socks4","N/A","5002","2022-05-31T01:16:04.493Z"
"192.252.211.197","elite","AS46562","US","Performive LLC","N/A","Performive LLC","14921","socks5","N/A","5003","2022-05-31T01:16:01.666Z"
"86.110.27.165","anonymous","AS8905","RU","Digit One LLC","51","Digit1 Arctel","3128","http","N/A","95","2022-05-31T01:16:01.800Z"
"208.85.22.184","anonymous","AS20473","US","The Constant Company","N/A","Vultr Holdings, LLC","1987","http","N/A","5002","2022-05-31T01:15:59.301Z"
"186.1.206.158","elite","AS52260","HT","Télécommunications de Haití (Teleco)","124","Télécommunications de Haití (Teleco)","1080","socks4","N/A","1908","2022-05-31T01:15:56.933Z"
"180.211.95.14","elite","AS45725","ID","PT. KINGS NETWORK INDONESIA","168","N/A","5678","socks4","N/A","5001","2022-05-31T01:15:46.222Z"
"72.210.252.137","elite","AS22773","US","Cox Communications Inc.","N/A","Cox Communications","4145","socks5","N/A","5001","2022-05-31T01:15:45.983Z"
"95.111.239.49","anonymous","AS51167","DE","Contabo GmbH","15","Contabo GmbH","3128","http","N/A","38","2022-05-31T01:15:41.954Z"
"186.97.172.178","anonymous","AS27831","CO","Colombia Móvil","146","Colombia Móvil","60080","http","N/A","5001","2022-05-31T01:15:39.553Z"
"177.99.225.91","elite","AS18881","BR","TELEFÔNICA BRASIL S.A","188","Global Village Telecom","4153","socks4","N/A","391","2022-05-31T01:15:38.705Z"
"98.188.47.132","elite","AS22773","US","Cox Communications Inc.","N/A","Cox Communications","4145","socks5","N/A","5002","2022-05-31T01:15:29.269Z"
"177.207.192.137","elite","AS18881","BR","TELEFÔNICA BRASIL S.A","371","Global Village Telecom","4145","socks4","N/A","5415","2022-05-31T01:15:25.916Z"
"87.193.164.226","elite","AS20676","DE","Plusnet GmbH","42","Alma via Pflegegruppe GmbH c/o Neumann Forum","10001","socks5","N/A","239","2022-05-31T01:15:12.509Z"
"164.163.21.14","elite","AS265935","BR","TONY JOSÔ DE OLIVEIRA EIRELI","200","TONY JOSÉ DE OLIVEIRA EIRELI","8291","socks4","N/A","819","2022-05-31T01:15:11.975Z"
"61.8.77.3","anonymous","AS4800","ID","PT Aplikanusa Lintasarta","201","N/A","8088","http","N/A","2080","2022-05-31T01:15:11.382Z"
"212.20.41.226","elite","AS12389","RU","OJSC \"Sibirtelecom\"","124","OJSC Sibirtelecom","10001","socks5","N/A","600","2022-05-31T01:15:09.877Z"
"151.80.252.69","elite","AS16276","FR","OVH SAS","5","OVH SAS","10679","socks4","N/A","22","2022-05-31T01:15:08.521Z"
"95.216.199.159","elite","AS24940","FI","Hetzner Online GmbH","40","HETZNER-DC","57373","socks5","N/A","241","2022-05-31T01:15:07.852Z"
"192.119.203.124","anonymous","AS30036","US","Mediacom Communications","N/A","Communication Construction Services","48678","http","N/A","5001","2022-05-31T01:15:06.732Z"
"35.221.141.118","elite","AS15169","TW","Google LLC","254","Google Cloud (asia-east1)","1080","socks5","N/A","1006","2022-05-31T01:15:05.203Z"
"169.255.189.106","elite","AS327879","CD","Ajywa Telecom Network","N/A","Ajywa Telecom","4145","socks4","N/A","5001","2022-05-31T01:15:05.242Z"
"72.221.232.155","elite","AS22773","US","Cox Communications Inc.","N/A","Cox Communications","4145","socks5","N/A","5002","2022-05-31T01:15:03.320Z"
"94.140.242.221","anonymous","AS47236","RU","CityLink Ltd ISP","40","CityLink Ltd","8080","http","N/A","260","2022-05-31T01:14:46.673Z"
"159.65.106.46","elite","AS14061","US","DigitalOcean, LLC","N/A","Digital Ocean","9050","socks5","N/A","5001","2022-05-31T01:14:46.597Z"
"181.224.207.20","anonymous","AS52412","DO","BW TELECOM","131","BW TELECOM","999","http","N/A","270","2022-05-31T01:14:44.025Z"
"113.57.92.6","elite","AS4837","CN","CNC Group CHINA169 Hubei Province Network","281","N/A","10800","socks4","N/A","5002","2022-05-31T01:14:42.646Z"
"84.205.17.234","anonymous","AS31608","PL","Gawex Media Sp.zoo","43","Gawex Media Sp. z o. o.","8080","http","N/A","250","2022-05-31T01:14:38.590Z"
"123.136.29.181","elite","AS38493","BD","Royal Green Communication Limited","N/A","Royal Green Limited","5678","socks4","N/A","1482","2022-05-31T01:14:32.216Z"
"43.128.36.71","elite","AS132203","HK","Shenzhen Tencent Computer Systems Company Limited","239","Tencent Cloud Computing","3389","socks5","N/A","5001","2022-05-31T01:14:29.251Z"
"98.170.57.231","elite","AS22773","US","Cox Communications Inc.","N/A","Cox Communications","4145","socks5","N/A","5003","2022-05-31T01:14:21.656Z"
"117.54.114.100","anonymous","AS9340","ID","PT IndoInternet","N/A","N/A","80","http","N/A","5001","2022-05-31T01:14:21.916Z"
"123.49.53.170","elite","AS17494","BD","Bangladesh Telegraph & Telephone Board","377","N/A","5678","socks4","N/A","5002","2022-05-31T01:14:12.872Z"
"125.163.162.119","anonymous","AS7713","ID","PT. TELKOM INDONESIA","1980","N/A","8080","http","N/A","22829","2022-05-31T01:14:04.861Z"
"72.195.34.42","elite","AS22773","US","Cox Communications Inc.","N/A","Cox Communications","4145","socks5","N/A","5001","2022-05-31T01:14:04.863Z"
"103.239.52.97","elite","AS23673","KH","COGETEL Co., Ltd","N/A","Azcom","4153","socks4","N/A","1599","2022-05-31T01:14:04.013Z"
"103.130.113.245","elite","AS138336","BD","The Potato","248","N/A","5678","socks4","N/A","6138","2022-05-31T01:13:50.061Z"
"79.143.30.163","elite","AS50340","RU","OOO \"Network of data-centers \"Selectel\"","49","Selectel NET MSK","55418","socks5","N/A","5002","2022-05-31T01:13:48.133Z"
"72.195.34.59","elite","AS22773","US","Cox Communications Inc.","163","Cox Communications","4145","socks5","N/A","5001","2022-05-31T01:13:40.738Z"
"192.111.137.35","elite","AS46562","US","Total Server Solutions L.L.C.","N/A","Sharktek Consulting LLC","4145","socks5","N/A","5002","2022-05-31T01:13:33.816Z"
"85.117.56.151","anonymous","AS20771","GE","Caucasus Online Ltd.","60","Caucasus","8080","http","N/A","243","2022-05-31T01:13:32.230Z"
"103.120.175.75","anonymous","AS63859","ID","PT. Eka Mas Republik","169","Myrepublic","8080","http","N/A","5003","2022-05-31T01:13:26.939Z"
"8.40.133.10","elite","AS62738","US","ZochNet","115","Level 3","1099","socks4","N/A","468","2022-05-31T01:13:20.680Z"
"80.85.58.55","anonymous","AS42205","HU","TV Cabletelevison Ltd.","38","NET-TV Cabletelevison Ltd.","8080","http","N/A","164","2022-05-31T01:13:19.411Z"
"192.111.130.2","elite","AS46562","US","Performive LLC","N/A","Total Server Solutions L.L.C.","4145","socks5","N/A","5002","2022-05-31T01:13:17.599Z"
"72.195.114.184","elite","AS22773","US","Cox Communications Inc.","163","Cox Communications","4145","socks4","N/A","5002","2022-05-31T01:13:17.753Z"
"41.65.174.120","anonymous","AS36992","EG","Etisalat Misr Mobile BB","45","N/A","1981","http","N/A","5096","2022-05-31T01:13:09.451Z"
"46.97.238.46","elite","AS12302","RO","Vodafone RO","77","Vodafone Romania S.A.","5678","socks4","N/A","5002","2022-05-31T01:13:08.357Z"
"192.111.130.5","elite","AS46562","US","Performive LLC","N/A","Total Server Solutions L.L.C.","17002","socks5","N/A","5001","2022-05-31T01:13:01.914Z"
"46.35.249.189","elite","AS35816","UA","Lancom Ltd.","86","Lancom Ltd","49795","socks4","N/A","379","2022-05-31T01:13:00.924Z"
"46.229.205.18","elite","AS20911","BG","NS-Corporate","44","N/A","46552","socks4","N/A","5001","2022-05-31T01:12:58.111Z"
"46.188.2.42","elite","AS8334","RU","2COM","45","2COM Co ltd.","5678","socks4","N/A","5002","2022-05-31T01:12:50.703Z"
"221.0.245.249","anonymous","AS4837","CN","CNC Group CHINA169 Shandong Province Network","222","N/A","9999","http","N/A","5003","2022-05-31T01:12:48.714Z"
"192.111.135.18","elite","AS46562","US","Total Server Solutions L.L.C.","N/A","Assima Inc","18301","socks5","N/A","5001","2022-05-31T01:12:46.229Z"
"202.69.38.82","anonymous","AS23750","PK","Advertiese Flag","145","Gerrys Information Technology (PVT) Ltd","8080","http","N/A","5001","2022-05-31T01:12:39.666Z"
"36.94.178.53","elite","AS7713","ID","PT. Telekomunikasi Indonesia","168","Telekomunikasi Indonesia","5678","socks4","N/A","3174","2022-05-31T01:12:38.942Z"
"31.207.176.167","elite","AS8369","RU","Intersvyaz-2 JSC","77","N/A","5678","socks4","N/A","328","2022-05-31T01:12:33.235Z"
"202.164.152.233","anonymous","AS17465","IN","Asianet Satellite Communications Pvt Ltd","145","N/A","8080","http","N/A","598","2022-05-31T01:12:29.436Z"
"213.5.190.194","anonymous","AS21299","KZ","Kar-Tel LLC","110","Kartel Fttb","41890","http","N/A","5001","2022-05-31T01:12:26.333Z"
"72.221.196.157","elite","AS22773","US","Cox Communications Inc.","N/A","Cox Communications","35904","socks5","N/A","5001","2022-05-31T01:12:26.296Z"
"36.95.90.218","elite","AS7713","ID","PT. Telekomunikasi Indonesia","N/A","Telekomunikasi Indonesia","5678","socks4","N/A","1960","2022-05-31T01:12:22.820Z"
"189.89.169.34","anonymous","AS28186","BR","ITS TELECOMUNICACOES LTDA","206","ITS TELECOMUNICACOES LTDA","8080","http","N/A","1282","2022-05-31T01:12:14.417Z"
"188.235.130.50","anonymous","AS50543","RU","JSC \"ER-Telecom Holding\"","64","JSC \"ER-Telecom Holding\" Saratov Branch","8080","http","N/A","130","2022-05-31T01:12:10.576Z"
"72.210.252.134","elite","AS22773","US","Cox Communications Inc.","N/A","Cox Communications","46164","socks5","N/A","5001","2022-05-31T01:12:09.558Z"
"200.0.247.84","elite","AS10834","AR","Telefonica de Argentina","240","Smart S.A","4153","socks4","N/A","944","2022-05-31T01:12:07.330Z"
"188.133.154.149","anonymous","AS21353","RU","Enforta-MSK","77","N/A","8080","http","N/A","140","2022-05-31T01:12:05.304Z"
"196.25.43.30","elite","AS5713","ZA","Telkom SA Ltd.","174","ECS Saix","5678","socks4","N/A","746","2022-05-31T01:12:02.531Z"
"198.8.94.170","elite","AS46562","US","Performive LLC","N/A","Total Server Solutions L.L.C","4145","socks4","N/A","5002","2022-05-31T01:11:59.263Z"
"181.177.20.67","anonymous","AS264642","AR","Telesistema S.R.L.","256","Telesistema S.R.L","80","http","N/A","3679","2022-05-31T01:11:57.353Z"
"88.225.242.117","anonymous","AS47331","TR","TurkTelecom","N/A","Turk Telekomunikasyon A.S","8080","http","N/A","5002","2022-05-31T01:11:52.573Z"
"67.201.33.10","elite","AS46562","US","PacketExchange","161","Practice Technologies","25283","socks5","N/A","5003","2022-05-31T01:11:52.673Z"
"72.206.181.123","elite","AS22773","US","Cox Communications Inc.","N/A","Cox Communications","4145","socks5","N/A","5070","2022-05-31T01:11:41.913Z"
"179.184.224.91","anonymous","AS18881","BR","TELEFÔNICA BRASIL S.A","234","Global Village Telecom","3128","http","N/A","2806","2022-05-31T01:11:35.191Z"
"185.75.110.50","elite","AS196865","IT","Aircomm S.r.l.","252","N/A","43837","socks4","N/A","4111","2022-05-31T01:11:31.095Z"
"178.32.101.200","anonymous","AS16276","FR","OVH SAS","N/A","OVH ISP","80","http","N/A","4458","2022-05-31T01:11:27.167Z"
"70.166.167.38","elite","AS22773","US","Cox Communications Inc.","N/A","Cox Communications","57728","socks5","N/A","5001","2022-05-31T01:11:25.105Z"
"43.255.113.232","elite","AS58424","KH","XINWEITELECOM","N/A","Xinwei(Cambodia)Telecom Co","8084","http","N/A","5001","2022-05-31T01:11:25.649Z"
"185.20.115.118","elite","AS25106","BY","Mobile TeleSystems JLLC","69","N/A","34493","socks4","N/A","5001","2022-05-31T01:11:21.919Z"
"80.244.226.92","anonymous","AS21353","RU","Enforta-MSK","67","ArtCommunications Ltd.","8080","http","N/A","142","2022-05-31T01:11:20.355Z"
"182.90.224.115","anonymous","AS4837","CN","China Unicom Guangxi Province Network","270","N/A","3128","http","N/A","5001","2022-05-31T01:11:17.785Z"
"181.78.19.17","anonymous","AS52468","CO","IFX Networks Argentina S.R.L","155","UFINET COLOMBIA, S. A","8080","http","N/A","5002","2022-05-31T01:11:11.658Z"
"72.217.216.239","elite","AS9116","US","Partner Communications Ltd.","N/A","Cox Communications Inc.","4145","socks5","N/A","5003","2022-05-31T01:11:08.313Z"
"174.77.111.198","elite","AS22773","US","Cox Communications Inc.","162","Cox Communications","49547","socks4","N/A","5002","2022-05-31T01:11:07.260Z"
"47.92.113.71","elite","AS37963","CN","Hangzhou Alibaba Advertising Co","323","Aliyun Computing Co., LTD","80","http","N/A","5052","2022-05-31T01:11:03.434Z"
"157.90.197.99","anonymous","AS24940","DE","Hetzner Online GmbH","N/A","N/A","3128","http","N/A","5002","2022-05-31T01:11:01.360Z"
"123.25.15.209","elite","AS45899","VN","VietNam Post and Telecom Corporation","240","Vietnam Posts and Telecommunications Group","9812","http","N/A","965","2022-05-31T01:10:56.030Z"
"176.88.168.155","elite","AS34984","TR","Superonline Iletisim Hizmetleri A.S.","65","Guneydogu Telekom Internet Bilisim VE Iletisim HIZ TIC LTD","1080","socks4","N/A","278","2022-05-31T01:10:52.299Z"
"72.195.34.41","elite","AS22773","US","Cox Communications Inc.","163","Cox Communications","4145","socks5","N/A","5001","2022-05-31T01:10:51.512Z"
"64.227.62.123","elite","AS14061","US","DigitalOcean, LLC","148","DigitalOcean, LLC","80","http","N/A","304","2022-05-31T01:10:50.097Z"
"47.74.226.8","elite","AS45102","SG","Alibaba Cloud (Singapore) Private Limited","246","Alibaba.com LLC","5001","http","N/A","565","2022-05-31T01:10:49.002Z"
"154.72.78.146","elite","AS30844","TZ","RAHA-LTZ","157","RAHA Ltd","5678","socks4","N/A","5002","2022-05-31T01:10:49.602Z"
"41.72.203.182","elite","AS30844","KE","Maintainer Liquid Telecommunications Operations Limited","307","N/A","42928","http","N/A","5002","2022-05-31T01:10:46.768Z"
"222.129.36.245","elite","AS4808","CN","China Unicom Beijing Province Network","297","N/A","57114","socks5","N/A","5002","2022-05-31T01:10:44.019Z"
"149.3.30.3","elite","AS35805","GE","JSC \"Silknet\"","116","JSC \"Silknet\"","4153","socks4","N/A","5001","2022-05-31T01:10:39.413Z"
"103.78.254.78","elite","AS135882","BD","Spark Online","336","Md. Asifur Rahman","80","http","N/A","1347","2022-05-31T01:10:39.094Z"
"212.164.214.117","elite","AS12389","RU","Rostelecom networks","140","OJSC Sibirtelecom","10001","socks5","N/A","852","2022-05-31T01:10:36.368Z"
"170.238.91.50","anonymous","AS262755","BR","Aonet Provedor de Internet LTDA - ME","226","AONET SERVIÇOS DE COMUNICACÃO LTDA","8080","http","N/A","5001","2022-05-31T01:10:35.801Z"
"221.0.82.138","elite","AS4837","CN","CNC Group CHINA169 Shandong Province Network","284","N/A","51112","socks5","N/A","5002","2022-05-31T01:10:34.877Z"
"143.202.129.170","elite","AS262324","BR","Unilink Telecom","213","Unilink Telecom","5678","socks4","N/A","5002","2022-05-31T01:10:31.943Z"
"184.178.172.25","elite","AS22773","US","Cox Communications Inc.","163","Cox Communications Inc.","15291","socks5","N/A","5003","2022-05-31T01:10:28.918Z"
"159.192.131.178","anonymous","AS131090","TH","CAT-BB","208","N/A","80","http","N/A","5002","2022-05-31T01:10:28.219Z"
"167.99.131.11","elite","AS14061","DE","DigitalOcean, LLC","N/A","Digital Ocean","80","http","N/A","2852","2022-05-31T01:10:25.141Z"
"168.194.224.36","elite","AS265401","BR","Infosystem Telecomunicacoes E Informatica Eirelli","N/A","Infosystem Telecomunicacoes E Informatica Eirelli","4153","socks4","N/A","232","2022-05-31T01:10:24.372Z"
"160.19.155.51","elite","AS328236","SL","PCS Holdings Limited","108","PCS Holdings Limited","5678","socks4","N/A","5002","2022-05-31T01:10:23.332Z"
"192.111.139.163","elite","AS46562","US","Performive LLC","N/A","Total Server Solutions L.L.C.","19404","socks5","N/A","5001","2022-05-31T01:10:21.985Z"
"113.111.215.119","anonymous","AS4134","CN","Chinanet","356","Chinanet GD","9797","http","N/A","5002","2022-05-31T01:10:20.665Z"
"154.79.248.156","elite","AS36926","KE","Airtel KE Mobile & Fixed Internet","218","N/A","5678","socks4","N/A","5005","2022-05-31T01:10:17.612Z"
"117.54.114.102","anonymous","AS9340","ID","PT IndoInternet","N/A","N/A","80","http","N/A","3827","2022-05-31T01:10:12.948Z"
"121.196.56.207","elite","AS37963","CN","Hangzhou Alibaba Advertising Co","373","Aliyun Computing Co., LTD","808","http","N/A","4299","2022-05-31T01:10:09.948Z"
"192.111.139.165","elite","AS46562","US","Performive LLC","N/A","Total Server Solutions L.L.C.","4145","socks5","N/A","5001","2022-05-31T01:10:06.299Z"
"117.176.150.231","elite","AS9808","CN","China Mobile communications corporation","380","China Mobile","51080","socks4","N/A","5002","2022-05-31T01:09:57.014Z"
"123.163.55.123","anonymous","AS4134","CN","Chinanet","383","Chinanet HA","3128","http","N/A","5003","2022-05-31T01:09:56.767Z"
"218.78.54.149","elite","AS4811","CN","China Telecom (Group)","N/A","Chinanet SH","8901","http","N/A","5001","2022-05-31T01:09:52.058Z"
"192.111.129.145","elite","AS46562","US","Performive LLC","N/A","Total Server Solutions L.L.C.","16894","socks5","N/A","5001","2022-05-31T01:09:50.615Z"
"121.40.162.184","anonymous","AS37963","CN","Hangzhou Alibaba Advertising Co","N/A","Aliyun Computing Co., LTD","3128","http","N/A","5037","2022-05-31T01:09:49.034Z"
"113.108.247.146","elite","AS4134","CN","Chinanet","N/A","Chinanet GD","20086","socks4","N/A","5002","2022-05-31T01:09:46.558Z"
"185.200.38.235","elite","AS202561","TR","High Speed Telekomunikasyon ve Hab. Hiz. Ltd. Sti.","N/A","High Speed Telekomunikasyon ve Hab. Hiz. Ltd. Sti","10820","socks5","N/A","290","2022-05-31T01:09:34.939Z"
"211.43.214.205","elite","AS3786","KR","LG DACOM KIDC","281","KIDC","80","http","N/A","5000","2022-05-31T01:09:34.713Z"
"116.193.173.117","anonymous","AS55699","ID","PT. Cemerlang Multimedia","196","N/A","8080","http","N/A","5001","2022-05-31T01:09:31.652Z"
"103.239.255.130","elite","AS63526","BD","Carnival Internet","298","N/A","5678","socks4","N/A","599","2022-05-31T01:09:29.208Z"
"212.64.72.199","elite","AS45090","CN","Shenzhen Tencent Computer Systems Company Limited","459","Tencent Cloud Computing (Beijing) Co., Ltd","8080","http","N/A","9455","2022-05-31T01:09:27.069Z"
"184.181.217.210","elite","AS22773","US","Cox Communications Inc.","162","Cox Communications","4145","socks5","N/A","5002","2022-05-31T01:09:22.296Z"
"103.141.148.62","elite","AS138890","ID","PT Acehlink Media","194","N/A","5678","socks4","N/A","363","2022-05-31T01:09:20.354Z"
"77.236.238.33","anonymous","AS21353","RU","ArtCommunications Ltd.","62","ArtCommunications Ltd.","1256","http","N/A","162","2022-05-31T01:09:18.637Z"
"184.178.172.28","elite","AS22773","US","Cox Communications Inc.","160","Cox Communications Inc.","15294","socks5","N/A","5001","2022-05-31T01:09:15.414Z"
"103.78.162.68","elite","AS135673","BD","Md. Mosihur Rahman","183","N/A","9812","http","N/A","750","2022-05-31T01:09:12.406Z"
"105.112.134.70","anonymous","AS36873","NG","Airtel Networks Limited","123","ENTERPRISE","8080","http","N/A","499","2022-05-31T01:09:07.756Z"
"78.83.242.229","elite","AS8717","BG","A1 Bulgaria EAD","45","N/A","4145","socks4","N/A","5001","2022-05-31T01:09:04.748Z"
"46.166.185.98","anonymous","AS43350","NL","NFOrce Entertainment BV","18","NForce Entertainment B.V","3128","http","N/A","136","2022-05-31T01:09:02.234Z"
"46.166.185.101","anonymous","AS43350","NL","NFOrce Entertainment BV","17","NForce Entertainment B.V","3128","http","N/A","127","2022-05-31T01:08:59.714Z"
"47.103.99.75","elite","AS37963","CN","Addresses CNNIC","426","Aliyun Computing Co., LTD","22","http","N/A","5000","2022-05-31T01:08:58.649Z"
"67.201.33.9","elite","AS46562","US","PacketExchange","157","Practice Technologies","25280","socks4","N/A","5001","2022-05-31T01:08:58.245Z"
"45.5.68.59","anonymous","AS265691","PE","Wi-net Telecom S.A.C.","168","Wi-net Telecom S.A.C","999","http","N/A","684","2022-05-31T01:08:57.214Z"
"138.68.51.109","elite","AS14061","US","DigitalOcean, LLC","N/A","Digital Ocean","9050","socks5","N/A","5001","2022-05-31T01:08:53.977Z"
"72.195.114.169","elite","AS22773","US","Cox Communications Inc.","163","Cox Communications","4145","socks4","N/A","5000","2022-05-31T01:08:52.401Z"